{
  "best_epoch": 49,
  "val_loss": 0.2801603178183238,
  "accuracy": 0.632183908045977,
  "f1": 0.5789473684210527,
  "total_data": 433,
  "train_size": 346,
  "val_size": 87
}